{
    "epoch_losses": [
        0.4994471383994765,
        0.41637881993241876,
        0.3725485358322813,
        0.3449760600013202,
        0.3216155097713417,
        0.3013113574535346,
        0.2842501305112044,
        0.269058620195619,
        0.25512041191412166,
        0.24219539636083792
    ],
    "epoch_accuracies": [
        0.7550350176077236,
        0.8125272029438532,
        0.8356216779435234,
        0.8498265606246456,
        0.8618288291852966,
        0.870942639707725,
        0.8784869228029913,
        0.8862949920204698,
        0.8934831638507498,
        0.899629380498292
    ]
}