{
    "epoch_losses": [
        0.5111588328096345,
        0.4328147780428276,
        0.38406879520212633,
        0.3545418187193431,
        0.3336625173672223,
        0.31603051277560207,
        0.298037297288384,
        0.28140349080216553,
        0.2655718336490665,
        0.2515002216747834
    ],
    "epoch_accuracies": [
        0.7514343370395283,
        0.805945739194661,
        0.8335905248024902,
        0.8477954074836123,
        0.8576214405360134,
        0.8663131932629025,
        0.87388385497039,
        0.8812962450045503,
        0.889328532425909,
        0.896121025072871
    ]
}